{
  "phase": "phase2_snr",
  "calibration_method": "precise_per_snr_calibration",
  "calibration_offsets": {
    "0dB": -6.36,
    "5dB": -10.65,
    "10dB": -15.42,
    "15dB": -20.26
  },
  "results": [
    {
      "snr_level": "snr_0db",
      "reported_snr_db": 0.0,
      "measured_snr_db": -6.359336252601685,
      "calibration_offset": -6.36,
      "corrected_snr_db": 0.0006637473983150954,
      "remaining_error": 0.0006637473983150954,
      "ber": 0.0029296875
    },
    {
      "snr_level": "snr_5db",
      "reported_snr_db": 5.0,
      "measured_snr_db": -5.64985169497149,
      "calibration_offset": -10.65,
      "corrected_snr_db": 5.00014830502851,
      "remaining_error": 0.00014830502851026495,
      "ber": 0.0
    },
    {
      "snr_level": "snr_10db",
      "reported_snr_db": 10.0,
      "measured_snr_db": -5.418432505932359,
      "calibration_offset": -15.42,
      "corrected_snr_db": 10.00156749406764,
      "remaining_error": 0.0015674940676397853,
      "ber": 0.0
    },
    {
      "snr_level": "snr_15db",
      "reported_snr_db": 15.0,
      "measured_snr_db": -5.259337822225175,
      "calibration_offset": -20.26,
      "corrected_snr_db": 15.000662177774826,
      "remaining_error": 0.0006621777748261337,
      "ber": 0.0
    }
  ]
}